<?xml version="1.0" encoding="UTF-8" standalone="yes"?>
<addon id="plugin.video.cbc"
       name="[COLOR dodgerblue]CBC[/COLOR] (Canadian Broadcasting Corporation)"
       version="8.1.22+matrix.1"
       provider-name="newf276,micahg,t1m,smf007,oshanrube,jgaudet">
  <requires>
    <import addon="xbmc.python" version="3.0.0"/>
    <import addon="script.module.requests" version="2.22.0"/>
    <import addon="script.module.inputstreamhelper" version="0.5.6"/>
    <import addon="script.module.routing" version="0.2.3+matrix.1"/>
    <import addon="script.module.beautifulsoup4" version="4.9.3+matrix.1"/>
    <import addon="script.module.unidecode" version="1.1.1+matrix.2"/>
  </requires>
  <extension point="xbmc.python.pluginsource" library="default.py">
	<provides>video</provides>
  </extension>
  <extension point="xbmc.addon.metadata">
    <assets>
      <icon>icon.png</icon>
      <fanart>fanart.jpg</fanart>
    </assets>
    <summary lang="en_GB">CBC TV Kodi Plugin</summary>
    <description lang="en_GB">View online content from the Canadian Broadcasting Corporation.</description>
    <platform>all</platform>
    <language>en</language>
    <disclaimer lang="en_GB">For bugs, requests or general questions visit the CBC TV thread on the Kodi forum.</disclaimer>
    <license>GPL-2.0-or-later</license>
    <forum>https://forum.kodi.tv/showthread.php?tid=328421</forum>
    <website>https://watch.cbc.ca/</website>
    <source>https://github.com/micahg/plugin.video.cbc</source>
    <news>
      - Fixed Categories, they now display proper content.
    </news>
  </extension>
</addon>
