<?xml version="1.0" encoding="UTF-8"?>
<addon id="skin.seren" version="1.0.2" name="Skin Seren" provider-name="newf276">
	<requires>
		<import addon="xbmc.gui" version="5.17.0"/>
	</requires>
	<extension point="xbmc.gui.skin" debugging="false">
		<res width="1920" height="1440" aspect="4:3" default="false" folder="xml" />
		<res width="1920" height="1280" aspect="3:2" default="false" folder="xml" />
		<res width="1920" height="1200" aspect="16:10" default="false" folder="xml" />
		<res width="2040" height="1080" aspect="17:9" default="false" folder="xml" />
		<res width="1920" height="1080" aspect="16:9" default="true" folder="xml" />
		<res width="2560" height="1080" aspect="21:9" default="false" folder="xml" />
		<res width="2338" height="1080" aspect="19.5:9" default="false" folder="xml" />
		<res width="2160" height="1080" aspect="18:9" default="false" folder="xml" />
	</extension>
	<extension point="xbmc.addon.metadata">
        <summary lang="en">estuary is basically estuary with minmal changes to the Movie and TVShow Menu widgets.</summary>
		<platform>all</platform>
		<license>CC BY-SA 4.0, GNU GENERAL PUBLIC LICENSE Version 2.0</license>
		<forum>http://forum.kodi.tv/</forum>
		<source></source>
		<assets>
			<icon>icon.png</icon>
			<fanart>fanart.jpg</fanart>
		</assets>
        <description>Seren is basically estuary with minmal changes to the Movie and TVShow Menu widgets. It is meant to be used with Seren Addon with trakt enabled. The Movie Menu will take you to your Trakt Movie Collection list, not Watchlist and the Widgets will be for Trakt Trending, Premieres, Latest releases items etc. The same goes for TVShows Menu item, it takes you to your Trakt TVShow Collection and similar Widgets. Works clean and fast just like estaury. You can edit the Home.xml (tip search seren in file) within the addon folder yourself if you want to change the items to Watchlist vice collection items or change the widget links for what you prefer.</description>
	</extension>
</addon>
