<?xml version="1.0" encoding="UTF-8" standalone="yes"?>
<addon id="repository.newf" name="Repository Newf" version="1.0" provider-name="newf276">
    <extension point="xbmc.addon.repository" name="Repository Newf">
        <dir>
            <info compressed="false">https://raw.githubusercontent.com/newf276/repository/master/zips/addons.xml</info>
            <checksum>https://raw.githubusercontent.com/newf276/repository/master/zips/addons.xml.md5</checksum>
            <datadir zip="true">https://raw.githubusercontent.com/newf276/repository/master/zips/</datadir>
        </dir>
        <dir>
            <info compressed="false">https://raw.githubusercontent.com/CocoJoe2411/repository.cocoscrapers/master/zips/addons.xml</info><checksum>https://raw.githubusercontent.com/CocoJoe2411/repository.cocoscrapers/master/zips/addons.xml.md5</checksum>
            <datadir zip="true">https://raw.githubusercontent.com/CocoJoe2411/repository.cocoscrapers/master/zips/</datadir>
        </dir>
		<dir>
	        <info compressed="false">https://raw.githubusercontent.com/Gujal00/smrzips/master/addons.xml</info>
	        <checksum>https://raw.githubusercontent.com/Gujal00/smrzips/master/addons.xml.md5</checksum>
	        <datadir zip="true">https://raw.githubusercontent.com/Gujal00/smrzips/master/zips/</datadir>
		</dir>
        <dir>
            <info compressed="false">https://raw.githubusercontent.com/dobbelina/repository.dobbelina/master/addons.xml</info>
            <checksum>https://raw.githubusercontent.com/dobbelina/repository.dobbelina/master/addons.xml.md5</checksum>
            <datadir zip="true">https://raw.githubusercontent.com/dobbelina/repository.dobbelina/master/</datadir>
        </dir>
        <dir>
            <info>https://raw.githubusercontent.com/newt-sc/a4kSubtitles/master/packages/addons.xml</info>
            <checksum>https://raw.githubusercontent.com/newt-sc/a4kSubtitles/master/packages/addons.xml.crc</checksum>
            <datadir>https://github.com/newt-sc/a4kSubtitles/archive</datadir>
            <artdir>https://github.com/a4k-openproject/a4kSubtitles/releases/download/v0.0.13</artdir>
        </dir>
        <dir>
            <info compressed="false">https://slyguy.uk/.repo/repository.slyguy/addons.xml</info>
            <checksum>https://slyguy.uk/.repo/repository.slyguy/addons.xml.md5</checksum>
            <datadir zip="true">https://slyguy.uk/.repo/repository.slyguy/</datadir>
        </dir>
        <dir>
            <info compressed="false">https://slyguy.uk/.repo/repository.slyguy.inputstreamhelper/addons.xml</info>
           	<checksum>https://slyguy.uk/.repo/repository.slyguy.inputstreamhelper/addons.xml.md5</checksum>
           	<datadir zip="true">https://slyguy.uk/.repo/repository.slyguy.inputstreamhelper/</datadir>
        </dir>
        <dir>
            <info compressed="false">https://slyguy.uk/.repo/repository.slyguy.youtube/addons.xml</info>
            <checksum>https://slyguy.uk/.repo/repository.slyguy.youtube/addons.xml.md5</checksum>
            <datadir zip="true">https://slyguy.uk/.repo/repository.slyguy.youtube/</datadir>
        </dir>
    </extension>
    <extension point="xbmc.addon.metadata">
        <summary>repository</summary>
        <description>kodi stuff</description>
        <disclaimer></disclaimer>
        <platform>all</platform>
        <assets>
            <icon>icon.png</icon>
            <fanart>fanart.jpg</fanart>
        </assets>
    </extension>
</addon>