<?xml version="1.0" encoding="UTF-8" standalone="yes"?>
<addon id="repository.newf" name="[COLOR dodgerblue]Repository Newf[/COLOR]" version="1.0" provider-name="newf276">
    <extension point="xbmc.addon.repository" name="Repository Newf">
        <dir>
            <info compressed="false">https://raw.githubusercontent.com/newf276/repository/master/zips/addons.xml</info>
            <checksum>https://raw.githubusercontent.com/newf276/repository/master/zips/addons.xml.md5</checksum>
            <datadir zip="true">https://raw.githubusercontent.com/newf276/repository/master/zips/</datadir>
        </dir>
    </extension>
    <extension point="xbmc.addon.metadata">
        <summary>repository</summary>
        <description>kodi stuff</description>
        <disclaimer></disclaimer>
        <platform>all</platform>
        <assets>
            <icon>icon.png</icon>
            <fanart>fanart.jpg</fanart>
        </assets>
    </extension>
</addon>