<?xml version="1.0" encoding="UTF-8" standalone="yes"?>
<addon id="script.speedtester" name="[COLOR deepskyblue]Speed[/COLOR] Tester" version="14.1.3+matrix.1" provider-name="Newf276, Dr0idGuy, dagwieers">
  <requires>
    <import addon="xbmc.python" version="3.0.0"/>
  </requires>
  <extension point="xbmc.python.script" library="resources/lib/addon_entry.py">
    <provides>executable</provides>
  </extension>
  <extension point="xbmc.addon.metadata">
    <platform>all</platform>
    <summary lang="en_GB">Test your Internet bandwidth</summary>
    <description lang="en_GB">This add-on tests your Internet bandwith and reports both download and upload speeds and latency from within Kodi. Use this if you are experiencing streaming issues and you suspect your network to be the cause.</description>
    <disclaimer lang="en_GB">Speed Tester is powered by speedtest.net</disclaimer>
    <language>en</language>
    <license>Apache-2.0</license>
    <source>https://newf276.github.io</source>
        <assets>
			<icon>icon.png</icon>
			<fanart>fanart.jpg</fanart>
        </assets>
  </extension>
</addon>
